has_feature_addition,deletions,insertions,num_file_types,is_preventive,project_changes_owner,is_refactoring,whole_within_project_changes,is_merge,num_directory_files,is_corrective,description_length,num_file_changes,project_age,is_non_functional,subject_length,avg_num_dev_modified_files,last_mth_dep_proj_nbr,ratio_dep_chan_owner,projects_contributed_owner,pctg_cross_project_changes,pctg_cross_project_changes_owner,pred,impact,fold,Classifier,max_num_mod_file_dep_cha,cross_project_changes_owner,min_num_mod_file_dep_cha,cross_project_changes,whole_changes_owner,num_dev_modified_files
1,1.0,5.0,1.0,0,5.0,0,7.5,0,1.0,0,241.0,26.0,440.9942708333333,0,34.0,6.5,0.0,0.0,8.0,0.0,0.0,0.017047115,0.0,0,XGBoost,,,,,,
0,43.90229007298437,5.0,1.0,0,5.0,0,7.5,0,1.0,0,241.0,26.0,440.9942708333333,0,34.0,6.5,0.0,0.0,8.0,0.0,0.0,0.022589434,0.32511773705482483,0,XGBoost,,,,,,
0,1.0,270.30242911836274,1.0,0,5.0,0,7.5,0,1.0,0,241.0,26.0,440.9942708333333,0,34.0,6.5,0.0,0.0,8.0,0.0,0.0,0.028215412,0.6551429629325867,0,XGBoost,,,,,,
0,1.0,5.0,1.6155453711109393,0,5.0,0,7.5,0,1.0,0,241.0,26.0,440.9942708333333,0,34.0,6.5,0.0,0.0,8.0,0.0,0.0,0.017047115,0.0,0,XGBoost,,,,,,
0,1.0,5.0,1.0,1,5.0,0,7.5,0,1.0,0,241.0,26.0,440.9942708333333,0,34.0,6.5,0.0,0.0,8.0,0.0,0.0,0.017047115,0.0,0,XGBoost,,,,,,
0,1.0,5.0,1.0,0,55.08645771816217,0,7.5,0,1.0,0,241.0,26.0,440.9942708333333,0,34.0,6.5,0.0,0.0,8.0,0.0,0.0,0.020838398,0.22240032255649567,0,XGBoost,,,,,,
0,1.0,5.0,1.0,0,5.0,1,7.5,0,1.0,0,241.0,26.0,440.9942708333333,0,34.0,6.5,0.0,0.0,8.0,0.0,0.0,0.017047115,0.0,0,XGBoost,,,,,,
0,1.0,5.0,1.0,0,5.0,0,16.10836198727122,0,1.0,0,241.0,26.0,440.9942708333333,0,34.0,6.5,0.0,0.0,8.0,0.0,0.0,0.0816118,3.7874257564544678,0,XGBoost,,,,,,
0,1.0,5.0,1.0,0,5.0,0,7.5,1,1.0,0,241.0,26.0,440.9942708333333,0,34.0,6.5,0.0,0.0,8.0,0.0,0.0,0.017047115,0.0,0,XGBoost,,,,,,
0,1.0,5.0,1.0,0,5.0,0,7.5,0,3.4473680535649702,0,241.0,26.0,440.9942708333333,0,34.0,6.5,0.0,0.0,8.0,0.0,0.0,0.017047115,0.0,0,XGBoost,,,,,,
0,1.0,5.0,1.0,0,5.0,0,7.5,0,1.0,1,241.0,26.0,440.9942708333333,0,34.0,6.5,0.0,0.0,8.0,0.0,0.0,0.017047115,0.0,0,XGBoost,,,,,,
0,1.0,5.0,1.0,0,5.0,0,7.5,0,1.0,0,546.6961519837342,26.0,440.9942708333333,0,34.0,6.5,0.0,0.0,8.0,0.0,0.0,0.031466737,0.8458688259124756,0,XGBoost,,,,,,
0,1.0,5.0,1.0,0,5.0,0,7.5,0,1.0,0,241.0,114.12885342040259,440.9942708333333,0,34.0,6.5,0.0,0.0,8.0,0.0,0.0,0.02741397,0.608129620552063,0,XGBoost,,,,,,
0,1.0,5.0,1.0,0,5.0,0,7.5,0,1.0,0,241.0,26.0,654.7266688724399,0,34.0,6.5,0.0,0.0,8.0,0.0,0.0,0.015778925,-0.07439319789409637,0,XGBoost,,,,,,
0,1.0,5.0,1.0,0,5.0,0,7.5,0,1.0,0,241.0,26.0,440.9942708333333,1,34.0,6.5,0.0,0.0,8.0,0.0,0.0,0.017047115,0.0,0,XGBoost,,,,,,
0,1.0,5.0,1.0,0,5.0,0,7.5,0,1.0,0,241.0,26.0,440.9942708333333,0,45.96352682221986,6.5,0.0,0.0,8.0,0.0,0.0,0.013834064,-0.18848061561584473,0,XGBoost,,,,,,
0,1.0,5.0,1.0,0,5.0,0,7.5,0,1.0,0,241.0,26.0,440.9942708333333,0,34.0,40.81283592379398,0.0,0.0,8.0,0.0,0.0,0.017047115,0.0,0,XGBoost,,,,,,
0,1.0,5.0,1.0,0,5.0,0,7.5,0,1.0,0,241.0,26.0,440.9942708333333,0,34.0,6.5,0.3843530573929037,0.0,8.0,0.0,0.0,0.017047115,0.0,0,XGBoost,,,,,,
0,1.0,5.0,1.0,0,5.0,0,7.5,0,1.0,0,241.0,26.0,440.9942708333333,0,34.0,6.5,0.0,32.52705797605323,8.0,0.0,0.0,0.9028103,51.959712982177734,0,XGBoost,,,,,,
0,1.0,5.0,1.0,0,5.0,0,7.5,0,1.0,0,241.0,26.0,440.9942708333333,0,34.0,6.5,0.0,0.0,20.80420740509647,0.0,0.0,0.017047115,0.0,0,XGBoost,,,,,,
0,1.0,5.0,1.0,0,5.0,0,7.5,0,1.0,0,241.0,26.0,440.9942708333333,0,34.0,6.5,0.0,0.0,8.0,0.2279211529192759,0.0,0.017047115,0.0,0,XGBoost,,,,,,
0,1.0,5.0,1.0,0,5.0,0,7.5,0,1.0,0,241.0,26.0,440.9942708333333,0,34.0,6.5,0.0,0.0,8.0,0.0,0.1136038914643515,0.017047115,0.0,0,XGBoost,,,,,,
1,2.0,11.0,1.0,0,12.0,0,162.5,0,2.0,0,287.0,33.0,571.6971122685186,0,41.0,6.0,0.0,0.0,11.0,0.475959315765141,0.0,0.3727455,-0.044173650443553925,1,XGBoost,0.0,,,,,
0,1102.801953221215,11.0,1.0,0,12.0,0,162.5,0,2.0,0,287.0,33.0,571.6971122685186,0,41.0,6.0,0.0,0.0,11.0,0.475959315765141,0.0,0.24208452,-0.3792259097099304,1,XGBoost,0.0,,,,,
0,2.0,2226.237884954468,1.0,0,12.0,0,162.5,0,2.0,0,287.0,33.0,571.6971122685186,0,41.0,6.0,0.0,0.0,11.0,0.475959315765141,0.0,0.4675649,0.1989704668521881,1,XGBoost,0.0,,,,,
0,2.0,11.0,1.7456763406591347,0,12.0,0,162.5,0,2.0,0,287.0,33.0,571.6971122685186,0,41.0,6.0,0.0,0.0,11.0,0.475959315765141,0.0,0.389972,0.0,1,XGBoost,0.0,,,,,
0,2.0,11.0,1.0,1,12.0,0,162.5,0,2.0,0,287.0,33.0,571.6971122685186,0,41.0,6.0,0.0,0.0,11.0,0.475959315765141,0.0,0.48768896,0.2505742907524109,1,XGBoost,0.0,,,,,
0,2.0,11.0,1.0,0,124.57071510184525,0,162.5,0,2.0,0,287.0,33.0,571.6971122685186,0,41.0,6.0,0.0,0.0,11.0,0.475959315765141,0.0,0.06041412,-0.8450809121131897,1,XGBoost,0.0,,,,,
0,2.0,11.0,1.0,0,12.0,1,162.5,0,2.0,0,287.0,33.0,571.6971122685186,0,41.0,6.0,0.0,0.0,11.0,0.475959315765141,0.0,0.0065955017,-0.9830872416496277,1,XGBoost,0.0,,,,,
0,2.0,11.0,1.0,0,12.0,0,436.026494129116,0,2.0,0,287.0,33.0,571.6971122685186,0,41.0,6.0,0.0,0.0,11.0,0.475959315765141,0.0,0.2133127,-0.4530050754547119,1,XGBoost,0.0,,,,,
0,2.0,11.0,1.0,0,12.0,0,162.5,1,2.0,0,287.0,33.0,571.6971122685186,0,41.0,6.0,0.0,0.0,11.0,0.475959315765141,0.0,0.389972,0.0,1,XGBoost,0.0,,,,,
0,2.0,11.0,1.0,0,12.0,0,162.5,0,27.5898173593875,0,287.0,33.0,571.6971122685186,0,41.0,6.0,0.0,0.0,11.0,0.475959315765141,0.0,0.25893053,-0.3360278904438019,1,XGBoost,0.0,,,,,
0,2.0,11.0,1.0,0,12.0,0,162.5,0,2.0,1,287.0,33.0,571.6971122685186,0,41.0,6.0,0.0,0.0,11.0,0.475959315765141,0.0,0.5405197,0.38604748249053955,1,XGBoost,0.0,,,,,
0,2.0,11.0,1.0,0,12.0,0,162.5,0,2.0,0,564.3453483441812,33.0,571.6971122685186,0,41.0,6.0,0.0,0.0,11.0,0.475959315765141,0.0,0.5818447,0.49201658368110657,1,XGBoost,0.0,,,,,
0,2.0,11.0,1.0,0,12.0,0,162.5,0,2.0,0,287.0,285.58784815708464,571.6971122685186,0,41.0,6.0,0.0,0.0,11.0,0.475959315765141,0.0,0.7425364,0.9040762782096863,1,XGBoost,0.0,,,,,
0,2.0,11.0,1.0,0,12.0,0,162.5,0,2.0,0,287.0,33.0,897.8883573125842,0,41.0,6.0,0.0,0.0,11.0,0.475959315765141,0.0,0.131661,-0.6623834371566772,1,XGBoost,0.0,,,,,
0,2.0,11.0,1.0,0,12.0,0,162.5,0,2.0,0,287.0,33.0,571.6971122685186,1,41.0,6.0,0.0,0.0,11.0,0.475959315765141,0.0,0.34600145,-0.11275310814380646,1,XGBoost,0.0,,,,,
0,2.0,11.0,1.0,0,12.0,0,162.5,0,2.0,0,287.0,33.0,571.6971122685186,0,52.24455557912226,6.0,0.0,0.0,11.0,0.475959315765141,0.0,0.38620085,-0.009670325554907322,1,XGBoost,0.0,,,,,
0,2.0,11.0,1.0,0,12.0,0,162.5,0,2.0,0,287.0,33.0,571.6971122685186,0,41.0,53.75439341936381,0.0,0.0,11.0,0.475959315765141,0.0,0.87465984,1.2428785562515259,1,XGBoost,0.0,,,,,
0,2.0,11.0,1.0,0,12.0,0,162.5,0,2.0,0,287.0,33.0,571.6971122685186,0,41.0,6.0,4.546589708492331,0.0,11.0,0.475959315765141,0.0,0.3349003,-0.14121966063976288,1,XGBoost,0.0,,,,,
0,2.0,11.0,1.0,0,12.0,0,162.5,0,2.0,0,287.0,33.0,571.6971122685186,0,41.0,6.0,0.0,34.759647324189594,11.0,0.475959315765141,0.0,0.9994629,1.5629093647003174,1,XGBoost,0.0,,,,,
0,2.0,11.0,1.0,0,12.0,0,162.5,0,2.0,0,287.0,33.0,571.6971122685186,0,41.0,6.0,0.0,0.0,37.51648682187039,0.475959315765141,0.0,0.52677,0.35078927874565125,1,XGBoost,0.0,,,,,
0,2.0,11.0,1.0,0,12.0,0,162.5,0,2.0,0,287.0,33.0,571.6971122685186,0,41.0,6.0,0.0,0.0,11.0,0.7172874645400902,0.0,0.60455203,0.5502446889877319,1,XGBoost,0.0,,,,,
0,2.0,11.0,1.0,0,12.0,0,162.5,0,2.0,0,287.0,33.0,571.6971122685186,0,41.0,6.0,0.0,0.0,11.0,0.475959315765141,0.18803233666595387,0.389972,0.0,1,XGBoost,0.0,,,,,
0,2.0,11.0,1.0,0,12.0,0,162.5,0,2.0,0,287.0,33.0,571.6971122685186,0,41.0,6.0,0.0,0.0,11.0,0.475959315765141,0.0,0.7629671,0.9564663767814636,1,XGBoost,6.918395155377915,,,,,
1,2.0,9.0,1.0,0,13.0,0,1103.5,0,2.0,0,281.0,28.0,611.5686168981481,0,40.0,,1.0,2.7777777777777777,13.0,0.4724600552821412,0.0,0.98372006,0.00287632760591805,2,XGBoost,0.0,0.0,,,,
0,3824.7055377295405,9.0,1.0,0,13.0,0,1103.5,0,2.0,0,281.0,28.0,611.5686168981481,0,40.0,,1.0,2.7777777777777777,13.0,0.4724600552821412,0.0,0.95700365,-0.02436034008860588,2,XGBoost,0.0,0.0,,,,
0,2.0,2824.4586996264297,1.0,0,13.0,0,1103.5,0,2.0,0,281.0,28.0,611.5686168981481,0,40.0,,1.0,2.7777777777777777,13.0,0.4724600552821412,0.0,0.9654813,-0.015717623755335808,2,XGBoost,0.0,0.0,,,,
0,2.0,9.0,1.8415798882319345,0,13.0,0,1103.5,0,2.0,0,281.0,28.0,611.5686168981481,0,40.0,,1.0,2.7777777777777777,13.0,0.4724600552821412,0.0,0.9808987,0.0,2,XGBoost,0.0,0.0,,,,
0,2.0,9.0,1.0,1,13.0,0,1103.5,0,2.0,0,281.0,28.0,611.5686168981481,0,40.0,,1.0,2.7777777777777777,13.0,0.4724600552821412,0.0,0.97595906,-0.005035806447267532,2,XGBoost,0.0,0.0,,,,
0,2.0,9.0,1.0,0,131.9086339372402,0,1103.5,0,2.0,0,281.0,28.0,611.5686168981481,0,40.0,,1.0,2.7777777777777777,13.0,0.4724600552821412,0.0,0.9221134,-0.05993000045418739,2,XGBoost,0.0,0.0,,,,
0,2.0,9.0,1.0,0,13.0,1,1103.5,0,2.0,0,281.0,28.0,611.5686168981481,0,40.0,,1.0,2.7777777777777777,13.0,0.4724600552821412,0.0,0.9700379,-0.011072296649217606,2,XGBoost,0.0,0.0,,,,
0,2.0,9.0,1.0,0,13.0,0,1103.5,0,2.0,0,281.0,28.0,611.5686168981481,0,40.0,,1.0,2.7777777777777777,13.0,0.4724600552821412,0.0,0.9051024,-0.07727231085300446,2,XGBoost,0.0,2.4439272127909737,,,,
0,2.0,9.0,1.0,0,13.0,0,2334.75256627135,0,2.0,0,281.0,28.0,611.5686168981481,0,40.0,,1.0,2.7777777777777777,13.0,0.4724600552821412,0.0,0.98834884,0.007595242466777563,2,XGBoost,0.0,0.0,,,,
0,2.0,9.0,1.0,0,13.0,0,1103.5,1,2.0,0,281.0,28.0,611.5686168981481,0,40.0,,1.0,2.7777777777777777,13.0,0.4724600552821412,0.0,0.99652797,0.015933645889163017,2,XGBoost,0.0,0.0,,,,
0,2.0,9.0,1.0,0,13.0,0,1103.5,0,13.530108025853343,0,281.0,28.0,611.5686168981481,0,40.0,,1.0,2.7777777777777777,13.0,0.4724600552821412,0.0,0.96634,-0.014842177741229534,2,XGBoost,0.0,0.0,,,,
0,2.0,9.0,1.0,0,13.0,0,1103.5,0,2.0,1,281.0,28.0,611.5686168981481,0,40.0,,1.0,2.7777777777777777,13.0,0.4724600552821412,0.0,0.9700383,-0.011071871034801006,2,XGBoost,0.0,0.0,,,,
0,2.0,9.0,1.0,0,13.0,0,1103.5,0,2.0,0,652.0603783342647,28.0,611.5686168981481,0,40.0,,1.0,2.7777777777777777,13.0,0.4724600552821412,0.0,0.9896039,0.00887471716850996,2,XGBoost,0.0,0.0,,,,
0,2.0,9.0,1.0,0,13.0,0,1103.5,0,2.0,0,281.0,426.8272396304312,611.5686168981481,0,40.0,,1.0,2.7777777777777777,13.0,0.4724600552821412,0.0,0.98580825,0.00500518037006259,2,XGBoost,0.0,0.0,,,,
0,2.0,9.0,1.0,0,13.0,0,1103.5,0,2.0,0,281.0,28.0,979.8444537806488,0,40.0,,1.0,2.7777777777777777,13.0,0.4724600552821412,0.0,0.9806533,-0.00025017090956680477,2,XGBoost,0.0,0.0,,,,
0,2.0,9.0,1.0,0,13.0,0,1103.5,0,2.0,0,281.0,28.0,611.5686168981481,1,40.0,,1.0,2.7777777777777777,13.0,0.4724600552821412,0.0,0.9511133,-0.030365414917469025,2,XGBoost,0.0,0.0,,,,
0,2.0,9.0,1.0,0,13.0,0,1103.5,0,2.0,0,281.0,28.0,611.5686168981481,0,55.14539365591896,,1.0,2.7777777777777777,13.0,0.4724600552821412,0.0,0.9843551,0.003523721592500806,2,XGBoost,0.0,0.0,,,,
0,2.0,9.0,1.0,0,13.0,0,1103.5,0,2.0,0,281.0,28.0,611.5686168981481,0,40.0,,7.446596652873641,2.7777777777777777,13.0,0.4724600552821412,0.0,0.9757337,-0.0052655600011348724,2,XGBoost,0.0,0.0,,,,
0,2.0,9.0,1.0,0,13.0,0,1103.5,0,2.0,0,281.0,28.0,611.5686168981481,0,40.0,,1.0,33.99143963674355,13.0,0.4724600552821412,0.0,0.9985869,0.018032662570476532,2,XGBoost,0.0,0.0,,,,
0,2.0,9.0,1.0,0,13.0,0,1103.5,0,2.0,0,281.0,28.0,611.5686168981481,0,40.0,,1.0,2.7777777777777777,44.8878722785859,0.4724600552821412,0.0,0.9865491,0.005760433152318001,2,XGBoost,0.0,0.0,,,,
0,2.0,9.0,1.0,0,13.0,0,1103.5,0,2.0,0,281.0,28.0,611.5686168981481,0,40.0,,1.0,2.7777777777777777,13.0,0.6947186144106938,0.0,0.9855305,0.00472201406955719,2,XGBoost,0.0,0.0,,,,
0,2.0,9.0,1.0,0,13.0,0,1103.5,0,2.0,0,281.0,28.0,611.5686168981481,0,40.0,,1.0,2.7777777777777777,13.0,0.4724600552821412,0.2162546448745963,0.94723415,-0.034320082515478134,2,XGBoost,0.0,0.0,,,,
0,2.0,9.0,1.0,0,13.0,0,1103.5,0,2.0,0,281.0,28.0,611.5686168981481,0,40.0,,1.0,2.7777777777777777,13.0,0.4724600552821412,0.0,0.9880164,0.007256354205310345,2,XGBoost,36.44047971795106,0.0,,,,
1,2.0,9.0,1.0,0,14.0,0,2433.5,0,2.0,0,280.0,29.0,656.0865335648148,0,40.0,,1.0,5.0,14.0,0.4758989489212613,0.0,0.9902228,0.003738557454198599,3,XGBoost,0.0,0.0,,,,
0,1493.6730131418342,9.0,1.0,0,14.0,0,2433.5,0,2.0,0,280.0,29.0,656.0865335648148,0,40.0,,1.0,5.0,14.0,0.4758989489212613,0.0,0.98633367,-0.0002036697551375255,3,XGBoost,0.0,0.0,,,,
0,2.0,4474.769401731783,1.0,0,14.0,0,2433.5,0,2.0,0,280.0,29.0,656.0865335648148,0,40.0,,1.0,5.0,14.0,0.4758989489212613,0.0,0.9857383,-0.0008071871707215905,3,XGBoost,0.0,0.0,,,,
0,2.0,9.0,1.9086103842213014,0,14.0,0,2433.5,0,2.0,0,280.0,29.0,656.0865335648148,0,40.0,,1.0,5.0,14.0,0.4758989489212613,0.0,0.9865346,0.0,3,XGBoost,0.0,0.0,,,,
0,2.0,9.0,1.0,1,14.0,0,2433.5,0,2.0,0,280.0,29.0,656.0865335648148,0,40.0,,1.0,5.0,14.0,0.4758989489212613,0.0,0.9861157,-0.0004246191238053143,3,XGBoost,0.0,0.0,,,,
0,2.0,9.0,1.0,0,149.26780158263065,0,2433.5,0,2.0,0,280.0,29.0,656.0865335648148,0,40.0,,1.0,5.0,14.0,0.4758989489212613,0.0,0.90151286,-0.08618221431970596,3,XGBoost,0.0,0.0,,,,
0,2.0,9.0,1.0,0,14.0,1,2433.5,0,2.0,0,280.0,29.0,656.0865335648148,0,40.0,,1.0,5.0,14.0,0.4758989489212613,0.0,0.98506725,-0.0014873752370476723,3,XGBoost,0.0,0.0,,,,
0,2.0,9.0,1.0,0,14.0,0,2433.5,0,2.0,0,280.0,29.0,656.0865335648148,0,40.0,,1.0,5.0,14.0,0.4758989489212613,0.0,0.9691948,-0.017576439306139946,3,XGBoost,0.0,5.243139745811165,,,,
0,2.0,9.0,1.0,0,14.0,0,4761.735189322557,0,2.0,0,280.0,29.0,656.0865335648148,0,40.0,,1.0,5.0,14.0,0.4758989489212613,0.0,0.9750318,-0.011659806594252586,3,XGBoost,0.0,0.0,,,,
0,2.0,9.0,1.0,0,14.0,0,2433.5,1,2.0,0,280.0,29.0,656.0865335648148,0,40.0,,1.0,5.0,14.0,0.4758989489212613,0.0,0.9833103,-0.003268322441726923,3,XGBoost,0.0,0.0,,,,
0,2.0,9.0,1.0,0,14.0,0,2433.5,0,22.6059793360309,0,280.0,29.0,656.0865335648148,0,40.0,,1.0,5.0,14.0,0.4758989489212613,0.0,0.9814999,-0.005103404633700848,3,XGBoost,0.0,0.0,,,,
0,2.0,9.0,1.0,0,14.0,0,2433.5,0,2.0,1,280.0,29.0,656.0865335648148,0,40.0,,1.0,5.0,14.0,0.4758989489212613,0.0,0.98318833,-0.0033919382840394974,3,XGBoost,0.0,0.0,,,,
0,2.0,9.0,1.0,0,14.0,0,2433.5,0,2.0,0,607.7104448672656,29.0,656.0865335648148,0,40.0,,1.0,5.0,14.0,0.4758989489212613,0.0,0.9843546,-0.0022097353357821703,3,XGBoost,0.0,0.0,,,,
0,2.0,9.0,1.0,0,14.0,0,2433.5,0,2.0,0,280.0,580.1174709955876,656.0865335648148,0,40.0,,1.0,5.0,14.0,0.4758989489212613,0.0,0.98602015,-0.0005214695120230317,3,XGBoost,0.0,0.0,,,,
0,2.0,9.0,1.0,0,14.0,0,2433.5,0,2.0,0,280.0,29.0,1060.9222348763792,0,40.0,,1.0,5.0,14.0,0.4758989489212613,0.0,0.97650117,-0.010170376859605312,3,XGBoost,0.0,0.0,,,,
0,2.0,9.0,1.0,0,14.0,0,2433.5,0,2.0,0,280.0,29.0,656.0865335648148,1,40.0,,1.0,5.0,14.0,0.4758989489212613,0.0,0.97080606,-0.015943214297294617,3,XGBoost,0.0,0.0,,,,
0,2.0,9.0,1.0,0,14.0,0,2433.5,0,2.0,0,280.0,29.0,656.0865335648148,0,53.454872186432304,,1.0,5.0,14.0,0.4758989489212613,0.0,0.9790875,-0.007548770867288113,3,XGBoost,0.0,0.0,,,,
0,2.0,9.0,1.0,0,14.0,0,2433.5,0,2.0,0,280.0,29.0,656.0865335648148,0,40.0,,7.851681404482303,5.0,14.0,0.4758989489212613,0.0,0.98883724,0.002334075979888439,3,XGBoost,0.0,0.0,,,,
0,2.0,9.0,1.0,0,14.0,0,2433.5,0,2.0,0,280.0,29.0,656.0865335648148,0,40.0,,1.0,35.12778521982541,14.0,0.4758989489212613,0.0,0.99170953,0.005245568696409464,3,XGBoost,0.0,0.0,,,,
0,2.0,9.0,1.0,0,14.0,0,2433.5,0,2.0,0,280.0,29.0,656.0865335648148,0,40.0,,1.0,5.0,51.6620390507331,0.4758989489212613,0.0,0.99360317,0.00716505479067564,3,XGBoost,0.0,0.0,,,,
0,2.0,9.0,1.0,0,14.0,0,2433.5,0,2.0,0,280.0,29.0,656.0865335648148,0,40.0,,1.0,5.0,14.0,0.6821433592550386,0.0,0.9983998,0.012027149088680744,3,XGBoost,0.0,0.0,,,,
0,2.0,9.0,1.0,0,14.0,0,2433.5,0,2.0,0,280.0,29.0,656.0865335648148,0,40.0,,1.0,5.0,14.0,0.4758989489212613,0.22898583937295858,0.98741806,0.0008955185767263174,3,XGBoost,0.0,0.0,,,,
0,2.0,9.0,1.0,0,14.0,0,2433.5,0,2.0,0,280.0,29.0,656.0865335648148,0,40.0,,1.0,5.0,14.0,0.4758989489212613,0.0,0.99202555,0.0055659059435129166,3,XGBoost,62.659725961829125,0.0,,,,
1,2.0,9.0,1.0,0,16.0,0,3987.0,0,1.0,0,277.0,28.0,693.0698032407407,0,40.0,,1.0,6.25,16.0,0.47651006711409394,0.0,0.9846697,-0.0006744835991412401,4,XGBoost,,0.0,0.0,,,
0,1400.9330029622504,9.0,1.0,0,16.0,0,3987.0,0,1.0,0,277.0,28.0,693.0698032407407,0,40.0,,1.0,6.25,16.0,0.47651006711409394,0.0,0.9788053,-0.0066261510364711285,4,XGBoost,,0.0,0.0,,,
0,2.0,1826.6018362842829,1.0,0,16.0,0,3987.0,0,1.0,0,277.0,28.0,693.0698032407407,0,40.0,,1.0,6.25,16.0,0.47651006711409394,0.0,0.9775203,-0.007930293679237366,4,XGBoost,,0.0,0.0,,,
0,2.0,9.0,1.880695409045026,0,16.0,0,3987.0,0,1.0,0,277.0,28.0,693.0698032407407,0,40.0,,1.0,6.25,16.0,0.47651006711409394,0.0,0.9853343,0.0,4,XGBoost,,0.0,0.0,,,
0,2.0,9.0,1.0,1,16.0,0,3987.0,0,1.0,0,277.0,28.0,693.0698032407407,0,40.0,,1.0,6.25,16.0,0.47651006711409394,0.0,0.9842998,-0.0010498956544324756,4,XGBoost,,0.0,0.0,,,
0,2.0,9.0,1.0,0,164.21314291599452,0,3987.0,0,1.0,0,277.0,28.0,693.0698032407407,0,40.0,,1.0,6.25,16.0,0.47651006711409394,0.0,0.89224386,-0.09447597712278366,4,XGBoost,,0.0,0.0,,,
0,2.0,9.0,1.0,0,16.0,1,3987.0,0,1.0,0,277.0,28.0,693.0698032407407,0,40.0,,1.0,6.25,16.0,0.47651006711409394,0.0,0.98038346,-0.005024509504437447,4,XGBoost,,0.0,0.0,,,
0,2.0,9.0,1.0,0,16.0,0,3987.0,0,1.0,0,277.0,28.0,693.0698032407407,0,40.0,,1.0,6.25,16.0,0.47651006711409394,0.0,0.97665435,-0.008809118531644344,4,XGBoost,,7.212450323660775,0.0,,,
0,2.0,9.0,1.0,0,16.0,0,7413.980804333423,0,1.0,0,277.0,28.0,693.0698032407407,0,40.0,,1.0,6.25,16.0,0.47651006711409394,0.0,0.9859949,0.0006704305997118354,4,XGBoost,,0.0,0.0,,,
0,2.0,9.0,1.0,0,16.0,0,3987.0,1,1.0,0,277.0,28.0,693.0698032407407,0,40.0,,1.0,6.25,16.0,0.47651006711409394,0.0,0.98377836,-0.0015790779143571854,4,XGBoost,,0.0,0.0,,,
0,2.0,9.0,1.0,0,16.0,0,3987.0,0,12.962256331653286,0,277.0,28.0,693.0698032407407,0,40.0,,1.0,6.25,16.0,0.47651006711409394,0.0,0.97928715,-0.006137134972959757,4,XGBoost,,0.0,0.0,,,
0,2.0,9.0,1.0,0,16.0,0,3987.0,0,1.0,1,277.0,28.0,693.0698032407407,0,40.0,,1.0,6.25,16.0,0.47651006711409394,0.0,0.9827465,-0.0026263119652867317,4,XGBoost,,0.0,0.0,,,
0,2.0,9.0,1.0,0,16.0,0,3987.0,0,1.0,0,595.0666134849301,28.0,693.0698032407407,0,40.0,,1.0,6.25,16.0,0.47651006711409394,0.0,0.96507704,-0.020558742806315422,4,XGBoost,,0.0,0.0,,,
0,2.0,9.0,1.0,0,16.0,0,3987.0,0,1.0,0,277.0,733.6091343630333,693.0698032407407,0,40.0,,1.0,6.25,16.0,0.47651006711409394,0.0,0.98919487,0.003918054047971964,4,XGBoost,,0.0,0.0,,,
0,2.0,9.0,1.0,0,16.0,0,3987.0,0,1.0,0,277.0,28.0,1133.116244553999,0,40.0,,1.0,6.25,16.0,0.47651006711409394,0.0,0.98292345,-0.0024467117618769407,4,XGBoost,,0.0,0.0,,,
0,2.0,9.0,1.0,0,16.0,0,3987.0,0,1.0,0,277.0,28.0,693.0698032407407,1,40.0,,1.0,6.25,16.0,0.47651006711409394,0.0,0.9831639,-0.002202688017860055,4,XGBoost,,0.0,0.0,,,
0,2.0,9.0,1.0,0,16.0,0,3987.0,0,1.0,0,277.0,28.0,693.0698032407407,0,53.74816411842247,,1.0,6.25,16.0,0.47651006711409394,0.0,0.98273724,-0.0026356882881373167,4,XGBoost,,0.0,0.0,,,
0,2.0,9.0,1.0,0,16.0,0,3987.0,0,1.0,0,277.0,28.0,693.0698032407407,0,40.0,,7.966760312167033,6.25,16.0,0.47651006711409394,0.0,0.98272187,-0.0026512951590120792,4,XGBoost,,0.0,0.0,,,
0,2.0,9.0,1.0,0,16.0,0,3987.0,0,1.0,0,277.0,28.0,693.0698032407407,0,40.0,,1.0,35.527369919508025,16.0,0.47651006711409394,0.0,0.9904606,0.005202597472816706,4,XGBoost,,0.0,0.0,,,
0,2.0,9.0,1.0,0,16.0,0,3987.0,0,1.0,0,277.0,28.0,693.0698032407407,0,40.0,,1.0,6.25,64.21040662642912,0.47651006711409394,0.0,0.9910614,0.005812354851514101,4,XGBoost,,0.0,0.0,,,
0,2.0,9.0,1.0,0,16.0,0,3987.0,0,1.0,0,277.0,28.0,693.0698032407407,0,40.0,,1.0,6.25,16.0,0.6735298918334756,0.0,0.99723876,0.012081664055585861,4,XGBoost,,0.0,0.0,,,
0,2.0,9.0,1.0,0,16.0,0,3987.0,0,1.0,0,277.0,28.0,693.0698032407407,0,40.0,,1.0,6.25,16.0,0.47651006711409394,0.23494754067280768,0.94563574,-0.040289413183927536,4,XGBoost,,0.0,0.0,,,
0,2.0,9.0,1.0,0,16.0,0,3987.0,0,1.0,0,277.0,28.0,693.0698032407407,0,40.0,,1.0,6.25,16.0,0.47651006711409394,0.0,0.9944588,0.009260326623916626,4,XGBoost,,0.0,56.933651366587334,,,
1,2.0,8.0,1.0,0,17.0,0,5871.5,0,1.0,0,276.0,28.0,754.5973148148148,0,40.0,,1.0,6.25,18.0,0.4782608695652174,0.0,0.9736999,0.0020504158455878496,5,XGBoost,,0.0,,,,
0,2117.9819538930255,8.0,1.0,0,17.0,0,5871.5,0,1.0,0,276.0,28.0,754.5973148148148,0,40.0,,1.0,6.25,18.0,0.4782608695652174,0.0,0.9646752,-0.0072370897978544235,5,XGBoost,,0.0,,,,
0,2.0,3488.8995222537096,1.0,0,17.0,0,5871.5,0,1.0,0,276.0,28.0,754.5973148148148,0,40.0,,1.0,6.25,18.0,0.4782608695652174,0.0,0.9587899,-0.013293750584125519,5,XGBoost,,0.0,,,,
0,2.0,8.0,1.9160140341403114,0,17.0,0,5871.5,0,1.0,0,276.0,28.0,754.5973148148148,0,40.0,,1.0,6.25,18.0,0.4782608695652174,0.0,0.9717075,0.0,5,XGBoost,,0.0,,,,
0,2.0,8.0,1.0,1,17.0,0,5871.5,0,1.0,0,276.0,28.0,754.5973148148148,0,40.0,,1.0,6.25,18.0,0.4782608695652174,0.0,0.9722305,0.0005381981027312577,5,XGBoost,,0.0,,,,
0,2.0,8.0,1.0,0,189.8750167940464,0,5871.5,0,1.0,0,276.0,28.0,754.5973148148148,0,40.0,,1.0,6.25,18.0,0.4782608695652174,0.0,0.63746035,-0.34397920966148376,5,XGBoost,,0.0,,,,
0,2.0,8.0,1.0,0,17.0,1,5871.5,0,1.0,0,276.0,28.0,754.5973148148148,0,40.0,,1.0,6.25,18.0,0.4782608695652174,0.0,0.96414286,-0.007784918416291475,5,XGBoost,,0.0,,,,
0,2.0,8.0,1.0,0,17.0,0,5871.5,0,1.0,0,276.0,28.0,754.5973148148148,0,40.0,,1.0,6.25,18.0,0.4782608695652174,0.0,0.9823186,0.010920011438429356,5,XGBoost,,10.439293747899995,,,,
0,2.0,8.0,1.0,0,17.0,0,10674.238983177993,0,1.0,0,276.0,28.0,754.5973148148148,0,40.0,,1.0,6.25,18.0,0.4782608695652174,0.0,0.9766342,0.005070128012448549,5,XGBoost,,0.0,,,,
0,2.0,8.0,1.0,0,17.0,0,5871.5,1,1.0,0,276.0,28.0,754.5973148148148,0,40.0,,1.0,6.25,18.0,0.4782608695652174,0.0,0.983888,0.012535096146166325,5,XGBoost,,0.0,,,,
0,2.0,8.0,1.0,0,17.0,0,5871.5,0,18.470373363877528,0,276.0,28.0,754.5973148148148,0,40.0,,1.0,6.25,18.0,0.4782608695652174,0.0,0.9475775,-0.024832623079419136,5,XGBoost,,0.0,,,,
0,2.0,8.0,1.0,0,17.0,0,5871.5,0,1.0,1,276.0,28.0,754.5973148148148,0,40.0,,1.0,6.25,18.0,0.4782608695652174,0.0,0.94722354,-0.02519685961306095,5,XGBoost,,0.0,,,,
0,2.0,8.0,1.0,0,17.0,0,5871.5,0,1.0,0,576.0716070017144,28.0,754.5973148148148,0,40.0,,1.0,6.25,18.0,0.4782608695652174,0.0,0.968323,-0.0034830754157155752,5,XGBoost,,0.0,,,,
0,2.0,8.0,1.0,0,17.0,0,5871.5,0,1.0,0,276.0,877.7881174059269,754.5973148148148,0,40.0,,1.0,6.25,18.0,0.4782608695652174,0.0,0.9681189,-0.003693103790283203,5,XGBoost,,0.0,,,,
0,2.0,8.0,1.0,0,17.0,0,5871.5,0,1.0,0,276.0,28.0,1233.3036614354432,0,40.0,,1.0,6.25,18.0,0.4782608695652174,0.0,0.96771854,-0.004105125553905964,5,XGBoost,,0.0,,,,
0,2.0,8.0,1.0,0,17.0,0,5871.5,0,1.0,0,276.0,28.0,754.5973148148148,1,40.0,,1.0,6.25,18.0,0.4782608695652174,0.0,0.95557165,-0.016605688259005547,5,XGBoost,,0.0,,,,
0,2.0,8.0,1.0,0,17.0,0,5871.5,0,1.0,0,276.0,28.0,754.5973148148148,0,53.40960763867133,,1.0,6.25,18.0,0.4782608695652174,0.0,0.97665,0.005086383316665888,5,XGBoost,,0.0,,,,
0,2.0,8.0,1.0,0,17.0,0,5871.5,0,1.0,0,276.0,28.0,754.5973148148148,0,40.0,,8.381359361152388,6.25,18.0,0.4782608695652174,0.0,0.93993163,-0.03270108625292778,5,XGBoost,,0.0,,,,
0,2.0,8.0,1.0,0,17.0,0,5871.5,0,1.0,0,276.0,28.0,754.5973148148148,0,40.0,,1.0,34.642403042191745,18.0,0.4782608695652174,0.0,0.98208743,0.01068213488906622,5,XGBoost,,0.0,,,,
0,2.0,8.0,1.0,0,17.0,0,5871.5,0,1.0,0,276.0,28.0,754.5973148148148,0,40.0,,1.0,6.25,81.20765743240642,0.4782608695652174,0.0,0.9944956,0.02345154993236065,5,XGBoost,,0.0,,,,
0,2.0,8.0,1.0,0,17.0,0,5871.5,0,1.0,0,276.0,28.0,754.5973148148148,0,40.0,,1.0,6.25,18.0,0.663675016357504,0.0,0.99515057,0.024125616997480392,5,XGBoost,,0.0,,,,
0,2.0,8.0,1.0,0,17.0,0,5871.5,0,1.0,0,276.0,28.0,754.5973148148148,0,40.0,,1.0,6.25,18.0,0.4782608695652174,0.23856322517671077,0.815124,-0.16114267706871033,5,XGBoost,,0.0,,,,
1,2.0,8.0,1.0,0,19.0,0,8137.0,0,1.0,0,273.0,28.0,813.1772627314815,0,40.0,,2.0,5.0,22.0,0.48031496062992124,0.0,0.97597927,0.0032008388079702854,6,XGBoost,1.0,0.0,,,,
0,5128.821919345987,8.0,1.0,0,19.0,0,8137.0,0,1.0,0,273.0,28.0,813.1772627314815,0,40.0,,2.0,5.0,22.0,0.48031496062992124,0.0,0.99852246,0.026372795924544334,6,XGBoost,1.0,0.0,,,,
0,2.0,3050.5356196203943,1.0,0,19.0,0,8137.0,0,1.0,0,273.0,28.0,813.1772627314815,0,40.0,,2.0,5.0,22.0,0.48031496062992124,0.0,0.94704473,-0.0265407282859087,6,XGBoost,1.0,0.0,,,,
0,2.0,8.0,1.9689002312331132,0,19.0,0,8137.0,0,1.0,0,273.0,28.0,813.1772627314815,0,40.0,,2.0,5.0,22.0,0.48031496062992124,0.0,0.9728653,0.0,6,XGBoost,1.0,0.0,,,,
0,2.0,8.0,1.0,1,19.0,0,8137.0,0,1.0,0,273.0,28.0,813.1772627314815,0,40.0,,2.0,5.0,22.0,0.48031496062992124,0.0,0.97218704,-0.0006971584516577423,6,XGBoost,1.0,0.0,,,,
0,2.0,8.0,1.0,0,224.3933913893013,0,8137.0,0,1.0,0,273.0,28.0,813.1772627314815,0,40.0,,2.0,5.0,22.0,0.48031496062992124,0.0,0.8336368,-0.14311176538467407,6,XGBoost,1.0,0.0,,,,
0,2.0,8.0,1.0,0,19.0,1,8137.0,0,1.0,0,273.0,28.0,813.1772627314815,0,40.0,,2.0,5.0,22.0,0.48031496062992124,0.0,0.9693477,-0.003615678520873189,6,XGBoost,1.0,0.0,,,,
0,2.0,8.0,1.0,0,19.0,0,8137.0,0,1.0,0,273.0,28.0,813.1772627314815,0,40.0,,2.0,5.0,22.0,0.48031496062992124,0.0,0.8359448,-0.14073944091796875,6,XGBoost,1.0,15.078975429838872,,,,
0,2.0,8.0,1.0,0,19.0,0,15013.87926445018,0,1.0,0,273.0,28.0,813.1772627314815,0,40.0,,2.0,5.0,22.0,0.48031496062992124,0.0,0.96877116,-0.004208315163850784,6,XGBoost,1.0,0.0,,,,
0,2.0,8.0,1.0,0,19.0,0,8137.0,1,1.0,0,273.0,28.0,813.1772627314815,0,40.0,,2.0,5.0,22.0,0.48031496062992124,0.0,0.98230135,0.009699257090687752,6,XGBoost,1.0,0.0,,,,
0,2.0,8.0,1.0,0,19.0,0,8137.0,0,27.522580207268486,0,273.0,28.0,813.1772627314815,0,40.0,,2.0,5.0,22.0,0.48031496062992124,0.0,0.9713865,-0.0015200369525700808,6,XGBoost,1.0,0.0,,,,
0,2.0,8.0,1.0,0,19.0,0,8137.0,0,1.0,1,273.0,28.0,813.1772627314815,0,40.0,,2.0,5.0,22.0,0.48031496062992124,0.0,0.9668766,-0.006155690178275108,6,XGBoost,1.0,0.0,,,,
0,2.0,8.0,1.0,0,19.0,0,8137.0,0,1.0,0,560.9362937198663,28.0,813.1772627314815,0,40.0,,2.0,5.0,22.0,0.48031496062992124,0.0,0.9812231,0.008590935729444027,6,XGBoost,1.0,0.0,,,,
0,2.0,8.0,1.0,0,19.0,0,8137.0,0,1.0,0,273.0,812.7802898327418,813.1772627314815,0,40.0,,2.0,5.0,22.0,0.48031496062992124,0.0,0.9530291,-0.02038944885134697,6,XGBoost,1.0,0.0,,,,
0,2.0,8.0,1.0,0,19.0,0,8137.0,0,1.0,0,273.0,28.0,1336.890891976982,0,40.0,,2.0,5.0,22.0,0.48031496062992124,0.0,0.98161215,0.008990826085209846,6,XGBoost,1.0,0.0,,,,
0,2.0,8.0,1.0,0,19.0,0,8137.0,0,1.0,0,273.0,28.0,813.1772627314815,1,40.0,,2.0,5.0,22.0,0.48031496062992124,0.0,0.9750572,0.0022530367132276297,6,XGBoost,1.0,0.0,,,,
0,2.0,8.0,1.0,0,19.0,0,8137.0,0,1.0,0,273.0,28.0,813.1772627314815,0,53.48652954839704,,2.0,5.0,22.0,0.48031496062992124,0.0,0.9727457,-0.0001229018234880641,6,XGBoost,1.0,0.0,,,,
0,2.0,8.0,1.0,0,19.0,0,8137.0,0,1.0,0,273.0,28.0,813.1772627314815,0,40.0,,10.887276060591251,5.0,22.0,0.48031496062992124,0.0,0.9766054,0.003844449995085597,6,XGBoost,1.0,0.0,,,,
0,2.0,8.0,1.0,0,19.0,0,8137.0,0,1.0,0,273.0,28.0,813.1772627314815,0,40.0,,2.0,31.81548342434281,22.0,0.48031496062992124,0.0,0.9716086,-0.001291755703277886,6,XGBoost,1.0,0.0,,,,
0,2.0,8.0,1.0,0,19.0,0,8137.0,0,1.0,0,273.0,28.0,813.1772627314815,0,40.0,,2.0,5.0,100.79079315003254,0.48031496062992124,0.0,0.9736685,0.0008256355649791658,6,XGBoost,1.0,0.0,,,,
0,2.0,8.0,1.0,0,19.0,0,8137.0,0,1.0,0,273.0,28.0,813.1772627314815,0,40.0,,2.0,5.0,22.0,0.6596389307229713,0.0,0.99465805,0.02240060269832611,6,XGBoost,1.0,0.0,,,,
0,2.0,8.0,1.0,0,19.0,0,8137.0,0,1.0,0,273.0,28.0,813.1772627314815,0,40.0,,2.0,5.0,22.0,0.48031496062992124,0.24077637814330988,0.93753356,-0.03631718084216118,6,XGBoost,1.0,0.0,,,,
0,2.0,8.0,1.0,0,19.0,0,8137.0,0,1.0,0,273.0,28.0,813.1772627314815,0,40.0,,2.0,5.0,22.0,0.48031496062992124,0.0,0.9845696,0.012030777521431446,6,XGBoost,104.4374178882449,0.0,,,,
1,1.0,7.0,1.0,0,,0,10251.0,0,1.0,0,276.0,28.0,890.8277546296297,0,40.0,,2.0,4.761904761904762,25.0,0.48214285714285715,0.0,0.9836084,0.004511967767030001,7,XGBoost,1.0,0.0,,29.0,,
0,13738.800998549219,7.0,1.0,0,,0,10251.0,0,1.0,0,276.0,28.0,890.8277546296297,0,40.0,,2.0,4.761904761904762,25.0,0.48214285714285715,0.0,0.99866986,0.01989348977804184,7,XGBoost,1.0,0.0,,29.0,,
0,1.0,7.0,1.0,0,,0,10251.0,0,1.0,0,276.0,28.0,890.8277546296297,0,40.0,,2.0,4.761904761904762,25.0,0.48214285714285715,0.0,0.9743595,-0.004933501593768597,7,XGBoost,1.0,0.0,,346.71415923219354,,
0,1.0,3441.2516350468945,1.0,0,,0,10251.0,0,1.0,0,276.0,28.0,890.8277546296297,0,40.0,,2.0,4.761904761904762,25.0,0.48214285714285715,0.0,0.9749977,-0.004281752277165651,7,XGBoost,1.0,0.0,,29.0,,
0,1.0,7.0,1.968921373080378,0,,0,10251.0,0,1.0,0,276.0,28.0,890.8277546296297,0,40.0,,2.0,4.761904761904762,25.0,0.48214285714285715,0.0,0.97919035,0.0,7,XGBoost,1.0,0.0,,29.0,,
0,1.0,7.0,1.0,1,,0,10251.0,0,1.0,0,276.0,28.0,890.8277546296297,0,40.0,,2.0,4.761904761904762,25.0,0.48214285714285715,0.0,0.9767135,-0.0025295091327279806,7,XGBoost,1.0,0.0,,29.0,,
0,1.0,7.0,1.0,0,,1,10251.0,0,1.0,0,276.0,28.0,890.8277546296297,0,40.0,,2.0,4.761904761904762,25.0,0.48214285714285715,0.0,0.97341394,-0.005899164825677872,7,XGBoost,1.0,0.0,,29.0,,
0,1.0,7.0,1.0,0,,0,10251.0,0,1.0,0,276.0,28.0,890.8277546296297,0,40.0,,2.0,4.761904761904762,25.0,0.48214285714285715,0.0,0.92534065,-0.05499410629272461,7,XGBoost,1.0,18.702597068536452,,29.0,,
0,1.0,7.0,1.0,0,,0,19032.734697142216,0,1.0,0,276.0,28.0,890.8277546296297,0,40.0,,2.0,4.761904761904762,25.0,0.48214285714285715,0.0,0.9744723,-0.004818333312869072,7,XGBoost,1.0,0.0,,29.0,,
0,1.0,7.0,1.0,0,,0,10251.0,1,1.0,0,276.0,28.0,890.8277546296297,0,40.0,,2.0,4.761904761904762,25.0,0.48214285714285715,0.0,0.97919035,0.0,7,XGBoost,1.0,0.0,,29.0,,
0,1.0,7.0,1.0,0,,0,10251.0,0,36.23212986034944,0,276.0,28.0,890.8277546296297,0,40.0,,2.0,4.761904761904762,25.0,0.48214285714285715,0.0,0.88354146,-0.09768160432577133,7,XGBoost,1.0,0.0,,29.0,,
0,1.0,7.0,1.0,0,,0,10251.0,0,1.0,1,276.0,28.0,890.8277546296297,0,40.0,,2.0,4.761904761904762,25.0,0.48214285714285715,0.0,0.97090924,-0.008457100950181484,7,XGBoost,1.0,0.0,,29.0,,
0,1.0,7.0,1.0,0,,0,10251.0,0,1.0,0,569.2966645176771,28.0,890.8277546296297,0,40.0,,2.0,4.761904761904762,25.0,0.48214285714285715,0.0,0.985836,0.006786912679672241,7,XGBoost,1.0,0.0,,29.0,,
0,1.0,7.0,1.0,0,,0,10251.0,0,1.0,0,276.0,765.8160846952686,890.8277546296297,0,40.0,,2.0,4.761904761904762,25.0,0.48214285714285715,0.0,0.96464103,-0.014858515933156013,7,XGBoost,1.0,0.0,,29.0,,
0,1.0,7.0,1.0,0,,0,10251.0,0,1.0,0,276.0,28.0,1467.514133601188,0,40.0,,2.0,4.761904761904762,25.0,0.48214285714285715,0.0,0.97614527,-0.0031097959727048874,7,XGBoost,1.0,0.0,,29.0,,
0,1.0,7.0,1.0,0,,0,10251.0,0,1.0,0,276.0,28.0,890.8277546296297,1,40.0,,2.0,4.761904761904762,25.0,0.48214285714285715,0.0,0.97195,-0.0073942262679338455,7,XGBoost,1.0,0.0,,29.0,,
0,1.0,7.0,1.0,0,,0,10251.0,0,1.0,0,276.0,28.0,890.8277546296297,0,53.58609336669964,,2.0,4.761904761904762,25.0,0.48214285714285715,0.0,0.97931904,0.0001314212568104267,7,XGBoost,1.0,0.0,,29.0,,
0,1.0,7.0,1.0,0,,0,10251.0,0,1.0,0,276.0,28.0,890.8277546296297,0,40.0,,10.372758070847064,4.761904761904762,25.0,0.48214285714285715,0.0,0.98171645,0.0025797889102250338,7,XGBoost,1.0,0.0,,29.0,,
0,1.0,7.0,1.0,0,,0,10251.0,0,1.0,0,276.0,28.0,890.8277546296297,0,40.0,,2.0,30.673788785889396,25.0,0.48214285714285715,0.0,0.9819313,0.0027992301620543003,7,XGBoost,1.0,0.0,,29.0,,
0,1.0,7.0,1.0,0,,0,10251.0,0,1.0,0,276.0,28.0,890.8277546296297,0,40.0,,2.0,4.761904761904762,114.59000355724623,0.48214285714285715,0.0,0.9724715,-0.006861662957817316,7,XGBoost,1.0,0.0,,29.0,,
0,1.0,7.0,1.0,0,,0,10251.0,0,1.0,0,276.0,28.0,890.8277546296297,0,40.0,,2.0,4.761904761904762,25.0,0.6532895430430105,0.0,0.9952211,0.016371412202715874,7,XGBoost,1.0,0.0,,29.0,,
0,1.0,7.0,1.0,0,,0,10251.0,0,1.0,0,276.0,28.0,890.8277546296297,0,40.0,,2.0,4.761904761904762,25.0,0.48214285714285715,0.2417106051450306,0.9281902,-0.05208402872085571,7,XGBoost,1.0,0.0,,29.0,,
0,1.0,7.0,1.0,0,,0,10251.0,0,1.0,0,276.0,28.0,890.8277546296297,0,40.0,,2.0,4.761904761904762,25.0,0.48214285714285715,0.0,0.990633,0.011685839854180813,7,XGBoost,99.26751675655323,0.0,,29.0,,
1,2.0,7.0,1.0,0,,0,12760.5,0,1.0,0,278.0,,978.3436805555556,0,40.0,,2.0,4.891304347826087,28.0,0.4827586206896552,0.16304347826086957,0.8240006,0.01143572572618723,8,XGBoost,1.0,1.0,,35.0,339.0,10.0
0,12073.508228513581,7.0,1.0,0,,0,12760.5,0,1.0,0,278.0,,978.3436805555556,0,40.0,,2.0,4.891304347826087,28.0,0.4827586206896552,0.16304347826086957,0.9405272,0.1544685959815979,8,XGBoost,1.0,1.0,,35.0,339.0,10.0
0,2.0,7.0,1.0,0,,0,12760.5,0,1.0,0,278.0,,978.3436805555556,0,40.0,,2.0,4.891304347826087,28.0,0.4827586206896552,0.16304347826086957,0.70954084,-0.12906014919281006,8,XGBoost,1.0,1.0,,415.8584492890939,339.0,10.0
0,2.0,2320.3959566793865,1.0,0,,0,12760.5,0,1.0,0,278.0,,978.3436805555556,0,40.0,,2.0,4.891304347826087,28.0,0.4827586206896552,0.16304347826086957,0.8982809,0.10261256992816925,8,XGBoost,1.0,1.0,,35.0,339.0,10.0
0,2.0,7.0,2.005131134910849,0,,0,12760.5,0,1.0,0,278.0,,978.3436805555556,0,40.0,,2.0,4.891304347826087,28.0,0.4827586206896552,0.16304347826086957,0.8351903,0.025170741602778435,8,XGBoost,1.0,1.0,,35.0,339.0,10.0
0,2.0,7.0,1.0,1,,0,12760.5,0,1.0,0,278.0,,978.3436805555556,0,40.0,,2.0,4.891304347826087,28.0,0.4827586206896552,0.16304347826086957,0.852374,0.04626323655247688,8,XGBoost,1.0,1.0,,35.0,339.0,10.0
0,2.0,7.0,1.0,0,,0,12760.5,0,1.0,0,278.0,,978.3436805555556,0,40.0,,2.0,4.891304347826087,28.0,0.4827586206896552,0.16304347826086957,0.7979321,-0.02056257799267769,8,XGBoost,1.0,1.0,,35.0,4204.7391122888275,10.0
0,2.0,7.0,1.0,0,,1,12760.5,0,1.0,0,278.0,,978.3436805555556,0,40.0,,2.0,4.891304347826087,28.0,0.4827586206896552,0.16304347826086957,0.7804514,-0.042019572108983994,8,XGBoost,1.0,1.0,,35.0,339.0,10.0
0,2.0,7.0,1.0,0,,0,12760.5,0,1.0,0,278.0,,978.3436805555556,0,40.0,,2.0,4.891304347826087,28.0,0.4827586206896552,0.16304347826086957,0.8855986,0.08704540878534317,8,XGBoost,1.0,23.13220648858942,,35.0,339.0,10.0
0,2.0,7.0,1.0,0,,0,23468.52691426356,0,1.0,0,278.0,,978.3436805555556,0,40.0,,2.0,4.891304347826087,28.0,0.4827586206896552,0.16304347826086957,0.78317046,-0.03868202492594719,8,XGBoost,1.0,1.0,,35.0,339.0,10.0
0,2.0,7.0,1.0,0,,0,12760.5,1,1.0,0,278.0,,978.3436805555556,0,40.0,,2.0,4.891304347826087,28.0,0.4827586206896552,0.16304347826086957,0.8034214,-0.013824640773236752,8,XGBoost,1.0,1.0,,35.0,339.0,10.0
0,2.0,7.0,1.0,0,,0,12760.5,0,33.07936153165189,0,278.0,,978.3436805555556,0,40.0,,2.0,4.891304347826087,28.0,0.4827586206896552,0.16304347826086957,0.6189617,-0.24024330079555511,8,XGBoost,1.0,1.0,,35.0,339.0,10.0
0,2.0,7.0,1.0,0,,0,12760.5,0,1.0,1,278.0,,978.3436805555556,0,40.0,,2.0,4.891304347826087,28.0,0.4827586206896552,0.16304347826086957,0.7230895,-0.11242956668138504,8,XGBoost,1.0,1.0,,35.0,339.0,10.0
0,2.0,7.0,1.0,0,,0,12760.5,0,1.0,0,578.367386138095,,978.3436805555556,0,40.0,,2.0,4.891304347826087,28.0,0.4827586206896552,0.16304347826086957,0.8403334,0.03148374706506729,8,XGBoost,1.0,1.0,,35.0,339.0,10.0
0,2.0,7.0,1.0,0,,0,12760.5,0,1.0,0,278.0,,1636.5048474476303,0,40.0,,2.0,4.891304347826087,28.0,0.4827586206896552,0.16304347826086957,0.82210064,0.009103585965931416,8,XGBoost,1.0,1.0,,35.0,339.0,10.0
0,2.0,7.0,1.0,0,,0,12760.5,0,1.0,0,278.0,,978.3436805555556,1,40.0,,2.0,4.891304347826087,28.0,0.4827586206896552,0.16304347826086957,0.7569598,-0.07085482031106949,8,XGBoost,1.0,1.0,,35.0,339.0,10.0
0,2.0,7.0,1.0,0,,0,12760.5,0,1.0,0,278.0,,978.3436805555556,0,53.48998939769111,,2.0,4.891304347826087,28.0,0.4827586206896552,0.16304347826086957,0.81503844,0.0004349533992353827,8,XGBoost,1.0,1.0,,35.0,339.0,10.0
0,2.0,7.0,1.0,0,,0,12760.5,0,1.0,0,278.0,,978.3436805555556,0,40.0,,2.0,4.891304347826087,28.0,0.4827586206896552,0.16304347826086957,0.80563664,-0.01110546849668026,8,XGBoost,1.0,1.0,,35.0,339.0,123.39038920898807
0,2.0,7.0,1.0,0,,0,12760.5,0,1.0,0,278.0,,978.3436805555556,0,40.0,,10.060494659362503,4.891304347826087,28.0,0.4827586206896552,0.16304347826086957,0.80937546,-0.0065161800011992455,8,XGBoost,1.0,1.0,,35.0,339.0,10.0
0,2.0,7.0,1.0,0,,0,12760.5,0,1.0,0,278.0,,978.3436805555556,0,40.0,,2.0,30.28546072362581,28.0,0.4827586206896552,0.16304347826086957,0.7725401,-0.051730480045080185,8,XGBoost,1.0,1.0,,35.0,339.0,10.0
0,2.0,7.0,1.0,0,,0,12760.5,0,1.0,0,278.0,,978.3436805555556,0,40.0,,2.0,4.891304347826087,129.03473904658006,0.4827586206896552,0.16304347826086957,0.7394417,-0.09235776215791702,8,XGBoost,1.0,1.0,,35.0,339.0,10.0
0,2.0,7.0,1.0,0,,0,12760.5,0,1.0,0,278.0,,978.3436805555556,0,40.0,,2.0,4.891304347826087,28.0,0.6470909415021517,0.16304347826086957,0.83182037,0.021034259349107742,8,XGBoost,1.0,1.0,,35.0,339.0,10.0
0,2.0,7.0,1.0,0,,0,12760.5,0,1.0,0,278.0,,978.3436805555556,0,40.0,,2.0,4.891304347826087,28.0,0.4827586206896552,0.4047029360076957,0.6141073,-0.24620191752910614,8,XGBoost,1.0,1.0,,35.0,339.0,10.0
0,2.0,7.0,1.0,0,,0,12760.5,0,1.0,0,278.0,,978.3436805555556,0,40.0,,2.0,4.891304347826087,28.0,0.4827586206896552,0.16304347826086957,0.90319145,0.10864008963108063,8,XGBoost,98.07257449569681,1.0,,35.0,339.0,10.0
1,2.0,7.0,1.0,0,,0,15253.0,0,1.0,0,283.0,30.0,1069.7804861111113,0,40.0,,2.0,5.0,31.0,0.48344370860927155,0.3333333333333333,0.60613346,0.04957116022706032,9,XGBoost,,1.0,0.0,43.0,382.0,
0,11737.388105650096,7.0,1.0,0,,0,15253.0,0,1.0,0,283.0,30.0,1069.7804861111113,0,40.0,,2.0,5.0,31.0,0.48344370860927155,0.3333333333333333,0.83027303,0.4376877248287201,9,XGBoost,,1.0,0.0,43.0,382.0,
0,2.0,7.0,1.0,0,,0,15253.0,0,1.0,0,283.0,30.0,1069.7804861111113,0,40.0,,2.0,5.0,31.0,0.48344370860927155,0.3333333333333333,0.54494447,-0.056382741779088974,9,XGBoost,,1.0,0.0,496.0802703687987,382.0,
0,2.0,4334.90411147361,1.0,0,,0,15253.0,0,1.0,0,283.0,30.0,1069.7804861111113,0,40.0,,2.0,5.0,31.0,0.48344370860927155,0.3333333333333333,0.7646039,0.3239760994911194,9,XGBoost,,1.0,0.0,43.0,382.0,
0,2.0,7.0,1.974150582242809,0,,0,15253.0,0,1.0,0,283.0,30.0,1069.7804861111113,0,40.0,,2.0,5.0,31.0,0.48344370860927155,0.3333333333333333,0.5775058,0.0,9,XGBoost,,1.0,0.0,43.0,382.0,
0,2.0,7.0,1.0,1,,0,15253.0,0,1.0,0,283.0,30.0,1069.7804861111113,0,40.0,,2.0,5.0,31.0,0.48344370860927155,0.3333333333333333,0.5731739,-0.0075011299923062325,9,XGBoost,,1.0,0.0,43.0,382.0,
0,2.0,7.0,1.0,0,,0,15253.0,0,1.0,0,283.0,30.0,1069.7804861111113,0,40.0,,2.0,5.0,31.0,0.48344370860927155,0.3333333333333333,0.58248454,0.008621066808700562,9,XGBoost,,1.0,0.0,43.0,4376.51243331646,
0,2.0,7.0,1.0,0,,1,15253.0,0,1.0,0,283.0,30.0,1069.7804861111113,0,40.0,,2.0,5.0,31.0,0.48344370860927155,0.3333333333333333,0.51836294,-0.10241089016199112,9,XGBoost,,1.0,0.0,43.0,382.0,
0,2.0,7.0,1.0,0,,0,15253.0,0,1.0,0,283.0,30.0,1069.7804861111113,0,40.0,,2.0,5.0,31.0,0.48344370860927155,0.3333333333333333,0.7070174,0.22426024079322815,9,XGBoost,,23.94150524972176,0.0,43.0,382.0,
0,2.0,7.0,1.0,0,,0,27803.71165592665,0,1.0,0,283.0,30.0,1069.7804861111113,0,40.0,,2.0,5.0,31.0,0.48344370860927155,0.3333333333333333,0.57766753,0.00028000999009236693,9,XGBoost,,1.0,0.0,43.0,382.0,
0,2.0,7.0,1.0,0,,0,15253.0,1,1.0,0,283.0,30.0,1069.7804861111113,0,40.0,,2.0,5.0,31.0,0.48344370860927155,0.3333333333333333,0.61218095,0.06004289537668228,9,XGBoost,,1.0,0.0,43.0,382.0,
0,2.0,7.0,1.0,0,,0,15253.0,0,30.448605730585193,0,283.0,30.0,1069.7804861111113,0,40.0,,2.0,5.0,31.0,0.48344370860927155,0.3333333333333333,0.6101674,0.05655623972415924,9,XGBoost,,1.0,0.0,43.0,382.0,
0,2.0,7.0,1.0,0,,0,15253.0,0,1.0,1,283.0,30.0,1069.7804861111113,0,40.0,,2.0,5.0,31.0,0.48344370860927155,0.3333333333333333,0.4804669,-0.16803108155727386,9,XGBoost,,1.0,0.0,43.0,382.0,
0,2.0,7.0,1.0,0,,0,15253.0,0,1.0,0,593.2452483077357,30.0,1069.7804861111113,0,40.0,,2.0,5.0,31.0,0.48344370860927155,0.3333333333333333,0.63662684,0.10237301141023636,9,XGBoost,,1.0,0.0,43.0,382.0,
0,2.0,7.0,1.0,0,,0,15253.0,0,1.0,0,283.0,773.3765212989592,1069.7804861111113,0,40.0,,2.0,5.0,31.0,0.48344370860927155,0.3333333333333333,0.46138552,-0.201072096824646,9,XGBoost,,1.0,0.0,43.0,382.0,
0,2.0,7.0,1.0,0,,0,15253.0,0,1.0,0,283.0,30.0,1842.361146098449,0,40.0,,2.0,5.0,31.0,0.48344370860927155,0.3333333333333333,0.50883776,-0.11890454590320587,9,XGBoost,,1.0,0.0,43.0,382.0,
0,2.0,7.0,1.0,0,,0,15253.0,0,1.0,0,283.0,30.0,1069.7804861111113,1,40.0,,2.0,5.0,31.0,0.48344370860927155,0.3333333333333333,0.5305383,-0.08132819831371307,9,XGBoost,,1.0,0.0,43.0,382.0,
0,2.0,7.0,1.0,0,,0,15253.0,0,1.0,0,283.0,30.0,1069.7804861111113,0,53.97399179891473,,2.0,5.0,31.0,0.48344370860927155,0.3333333333333333,0.56881547,-0.01504808571189642,9,XGBoost,,1.0,0.0,43.0,382.0,
0,2.0,7.0,1.0,0,,0,15253.0,0,1.0,0,283.0,30.0,1069.7804861111113,0,40.0,,9.664251863303168,5.0,31.0,0.48344370860927155,0.3333333333333333,0.6760491,0.17063599824905396,9,XGBoost,,1.0,0.0,43.0,382.0,
0,2.0,7.0,1.0,0,,0,15253.0,0,1.0,0,283.0,30.0,1069.7804861111113,0,40.0,,2.0,29.643262939559012,31.0,0.48344370860927155,0.3333333333333333,0.5322331,-0.07839351147413254,9,XGBoost,,1.0,0.0,43.0,382.0,
0,2.0,7.0,1.0,0,,0,15253.0,0,1.0,0,283.0,30.0,1069.7804861111113,0,40.0,,2.0,5.0,138.22047780161427,0.48344370860927155,0.3333333333333333,0.5391533,-0.06641066819429398,9,XGBoost,,1.0,0.0,43.0,382.0,
0,2.0,7.0,1.0,0,,0,15253.0,0,1.0,0,283.0,30.0,1069.7804861111113,0,40.0,,2.0,5.0,31.0,0.6419380714668017,0.3333333333333333,0.5553864,-0.038301609456539154,9,XGBoost,,1.0,0.0,43.0,382.0,
0,2.0,7.0,1.0,0,,0,15253.0,0,1.0,0,283.0,30.0,1069.7804861111113,0,40.0,,2.0,5.0,31.0,0.48344370860927155,0.574583989835568,0.5724778,-0.008706421591341496,9,XGBoost,,1.0,0.0,43.0,382.0,
0,2.0,7.0,1.0,0,,0,15253.0,0,1.0,0,283.0,30.0,1069.7804861111113,0,40.0,,2.0,5.0,31.0,0.48344370860927155,0.3333333333333333,0.9421778,0.6314601898193359,9,XGBoost,,1.0,73.36409645329735,43.0,382.0,
